{"cameraMode":{"drawMode":0,"name":"Shaded","section":"Shading Mode"},"sceneLighting":false,"audioPlay":false,"sceneViewState":{"m_AlwaysRefresh":false,"showFog":true,"showSkybox":false,"showFlares":true,"showImageEffects":true,"showParticleSystems":true,"showVisualEffectGraphs":true,"m_FxEnabled":true},"in2DMode":false,"pivot":{"x":0.4959999918937683,"y":0.37300002574920657,"z":-0.5540000200271606},"rotation":{"x":0.05813785269856453,"y":0.26335614919662478,"z":-0.015900438651442529,"w":0.9628168344497681},"size":0.8660253882408142,"orthographic":false}